Stock;Price;P/L;P/VP;PSR;D.Yield;P/Ativos;P/Cap. Giro;P/EBIT;P/ACL;EV/EBIT;EV/EBITDA;Marg. EBIT;Marg. Liq.;Liq. Corr.;ROIC;ROE;Liq. L2M;Pat. Liq.;Div. Brut./Pat. Liq.;CRL L5A
QUAL3;3.24;-4533.03;0.67;0.497;0.0244;0.201;7.86;1.94;-0.5;4.82;2.48;0.2565;0.0042;1.09;0.1395;-0.0001;16419700;1379470000;1.63;-0.0075
MEGA3;11.27;-990.01;1.42;2.718;0;0.409;-5.54;11.79;-0.69;25.75;14.96;0.2306;-0.0016;0.61;0.0366;-0.0014;8446820;4954980000;1.83;10.074
TELB3;17.51;-427.16;0.9;3.875;0;0.373;1.13;-4.91;-1.98;-1.46;-7.26;-0.789;-0.0091;5.7;-0.1109;-0.0021;56808.2;1676680000;0.08;0.7655
TELB4;13.79;-336.41;0.71;3.052;0;0.294;0.89;-3.87;-1.56;-0.42;-2.08;-0.789;-0.0091;5.7;-0.1109;-0.0021;103916;1676680000;0.08;0.7655
LWSA3;6.87;-214.24;1.4;3.344;0.0076;0.927;6.92;60.65;12.47;46.03;17.31;0.0551;-0.0156;1.48;0.0203;-0.0066;48548100;2913770000;0.03;0.4367
CBAV3;4.69;-128.43;0.54;0.359;0.0939;0.205;0.95;47.14;-0.99;91.28;8.64;0.0076;0.0077;2.2;0.0053;-0.0042;28820700;5176110000;0.77;-0.1667
BAUH4;71.88;-98.21;3.91;1.788;0.0168;2.32;30.71;48.42;52.35;46.12;27.57;0.0369;-0.0182;1.2;0.076;-0.0398;9518.77;96015000;0.1;0.0327
CLSA3;5.2;-84.57;1.34;1.836;0;1.091;2.11;-20.35;2.21;-12.03;-64.65;-0.0902;-0.0217;4.15;-0.1151;-0.0159;2445510;727345000;0.06;0.1187
MYPK3;15.02;-80.34;0.61;0.142;0.0333;0.161;1;3.5;-0.84;9.18;5.3;0.0405;0.0048;1.45;0.0673;-0.0076;20542200;3786150000;1.64;0.1714
MNPR3;15.5;-70.95;-0.34;0.287;0;0.341;-0.29;1.67;-0.24;1.67;1.46;0.1719;-0.004;0.33;0.2157;0.0047;114198;-327213000;0;0.1669
MRVE3;12.05;-68.45;1.13;0.984;0.0141;0.29;1.2;93.93;-1.23;198.22;60.25;0.0105;-0.0087;2.06;0.0033;-0.0164;122157000;6018990000;1.35;0.0428
DOHL3;8.2;-66.04;0.89;0.946;0;0.644;1.39;-34.8;2.43;-36.14;683.2;-0.0272;-0.0143;7.03;-0.021;-0.0134;220.77;699104000;0.15;0.1004
RDNI3;5.23;-65.86;0.37;0.368;0.0276;0.099;0.79;9.6;-0.24;38.97;32.66;0.0384;0.011;1.71;0.0107;-0.0056;176051;622114000;1.18;0.2852
MAPT4;11;-63.98;-1.63;0;0;13.078;-2021.8;-73.25;-1.45;-73.25;-73.25;0;0;0;-0.1797;0.0255;62.51;-6207000;0;0
NINJ3;4.48;-57.53;0.81;3.819;0;0.76;0.87;-6.45;0.87;1.17;1.24;-0.592;-0.0664;15.59;-16.011;-0.0141;1558000;280216000;0;-0.021
DOHL4;5.71;-45.99;0.62;0.659;0;0.448;0.97;-24.23;1.69;-25.58;483.46;-0.0272;-0.0143;7.03;-0.021;-0.0134;13822.4;699104000;0.15;0.1004
HAPV3;4.64;-44.59;0.71;1.326;0;0.466;28.67;-85.52;-2.12;-99.82;21.18;-0.0155;-0.0297;1.15;-0.0059;-0.0159;345282000;49333000000;0.23;0.5159
MERC4;7.25;-36.31;0.53;0;0.0621;0;0;0;0;0;0;0;0;0;0;-0.0145;1533.7;248683000;0;0.0479
GUAR3;6.3;-35.92;0.62;0.369;0.0032;0.222;0.87;11.73;1674.16;18.1;5.5;0.0314;-0.0103;1.65;0.0242;-0.0173;11124500;5062220000;0.76;-0.2116
CSAN3;17.84;-28.93;1.86;0.798;0.024;0.248;3.02;5.11;-0.55;11.91;8.05;0.1562;0.0317;1.65;0.0566;-0.0645;112569000;17929300000;3.36;0.3976
CSNA3;12.15;-27.2;0.87;0.363;0.2407;0.192;1.65;2.24;-0.46;6.2;4.31;0.1623;-0.0024;1.53;0.1117;-0.0321;101518000;18482000000;2.25;0.187
LJQQ3;4.62;-26.79;1.69;0.37;0;0.306;1.16;21.53;-1.68;25.96;6.58;0.0172;-0.0138;1.71;0.0174;-0.063;18076900;512756000;0.75;0.1126
ALPA3;8.92;-26.71;1.15;1.515;0;0.784;3.47;27.68;13.02;31.94;17.52;0.0547;-0.0569;2.5;0.0316;-0.043;46799.8;5309890000;0.25;0.1835
EMBR3;18.11;-26.52;1.11;0.528;0;0.259;1.31;6.68;-1.6;9.94;6.34;0.079;-0.024;1.52;0.0537;-0.0418;119222000;12102300000;1.39;0.0197
ALPA4;8.64;-25.87;1.11;1.467;0;0.76;3.36;26.81;12.61;31.07;17.05;0.0547;-0.0569;2.5;0.0316;-0.043;57924300;5309890000;0.25;0.0197
AMBP3;22.33;-21.99;2.36;0.559;0.006;0.233;0.79;2.78;-0.61;7.54;5.39;0.2009;-0.0069;2.75;0.1238;-0.1075;24878900;1066510000;7.01;11.035
GOLL4;6.71;-19.77;-0.14;0.158;0;0.171;-0.26;1.85;-0.08;9.49;4.56;0.0852;-0.008;0.21;0.1122;0.007;108547000;-20415300000;-0.6;0.0769
MGLU3;2.62;-19.74;1.77;0.47;0;0.497;4.61;15.94;-2.72;20.22;9.49;0.0295;-0.0238;1.25;0.0439;-0.0895;276533000;10011500000;0.72;0.2299
ORVR3;37.98;-18.85;5.12;4.137;0;1.501;13.55;48.13;-3.43;61.46;15.38;0.086;-0.2099;1.81;0.0342;-0.2714;13621900;615668000;1.64;0.4138
SYNE3;4.11;-17.46;0.42;1.48;0;0.156;1.95;4.56;-0.6;9.58;6.53;0.3245;-0.0534;4.21;0.0373;-0.0238;751132;1507070000;0.67;0.1623
RCSL3;1.75;-17.45;514.45;3.36;0;3.647;22.42;-203.43;-7.57;-203.19;1534.41;-0.0165;-0.1951;1.47;-0.0187;-294.757;4085280;433000;0;0.5662
ESPA3;1.68;-16.07;0.69;0.626;0;0.266;2.49;5.83;-1.34;12.67;7.25;0.1075;-0.0414;1.35;0.051;-0.043;3453730;878234000;1.05;0.127
ZAMP3;5.68;-14.03;1.14;0.414;0;0.389;11.73;18.4;-0.88;27.04;4.52;0.0225;-0.0295;1.18;0.0254;-0.0815;18436500;1367230000;0.85;0.1038
COGN3;2.89;-13.3;0.45;0.99;0;0.212;4;4.52;-0.7;9.67;6.21;0.2188;-0.0777;1.41;0.0521;-0.0335;66118600;12180800000;0.64;-0.0679
RCSL4;1.3;-12.97;382.16;2.496;0;2.709;16.66;-151.12;-5.62;-150.88;1139.38;-0.0165;-0.1951;1.47;-0.0187;-294.757;6401540;433000;0;0.3947
ANIM3;3.5;-12.87;0.55;0.389;0;0.141;10.78;2.48;-0.28;9.79;4.93;0.1567;0.0114;1.07;0.0643;-0.0426;34022100;2579940000;2;0.3918
DASA3;12.8;-12.81;1.18;0.695;0.0056;0.352;22.56;9.37;-0.88;17.44;8.14;0.0741;-0.0545;1.05;0.0444;-0.0924;9505980;8139120000;1.37;0.5662
OPCT3;5.11;-11.44;1.29;0.728;0;0.434;-7.54;6.47;-1.15;12.89;5.08;0.1124;0.0423;0.83;0.0752;-0.1132;2999090;789330000;1.48;0
IRBR3;42.93;-11.43;0.85;0.522;0;0.171;0;-3.27;0;0;0;-0.1596;-0.0456;0;0;-0.0747;120340000;4137420000;0;0.4525
CASH3;6.06;-11.35;0.68;1.418;0;0.447;0.9;-4.48;0.99;-1.11;-1.32;-0.3169;-0.1291;2.71;-0.1519;-0.06;30831100;770573000;0;0.4847
ENJU3;1.47;-9.55;0.79;2.029;0;0.705;0.99;-5.08;1.01;-0.06;-0.09;-0.399;-0.2124;8.29;-0.5193;-0.0832;2668450;375094000;0;0.1893
ALPK3;4.64;-7.77;2.71;0.805;0;0.372;-3.42;3.98;-0.53;8.84;4.58;0.2023;-0.0998;0.6;0.1119;-0.3495;1417820;366519000;4.13;0.3668
NTCO3;15.22;-7.43;1.02;0.61;0;0.416;4.87;14.84;-1.53;21.84;7.9;0.0411;-0.0822;1.36;0.0342;-0.138;179498000;20543900000;0.65;-0.0872
AERI3;1.02;-7.33;0.93;0.263;0;0.246;1.03;2.79;-2.01;6.15;5.16;0.0943;-0.0359;1.63;0.1422;-0.1265;6612430;843215000;2.12;0.2326
CEED3;27;-6.14;-0.64;0.374;0;0.246;4.16;3.78;-0.25;8.91;6.72;0.0991;-0.0609;1.18;0.0873;0.1045;1868.86;-2871730000;-1.38;0.1158
MLAS3;3.2;-6.03;0.7;0.655;0;0.403;0.73;-5.33;1.08;-5.74;-6.51;-0.1228;-0.1087;3.27;-0.0997;-0.1161;7828680;3754480000;0.29;-0.0793
BRKM3;24.1;-5.65;2.66;0.236;0;0.218;1.71;-12.92;-0.41;-27.69;11.26;-0.0182;-0.0476;1.49;-0.0246;-0.47;945286;7232560000;5.19;0
BLUT3;5.14;-5.63;0.46;0;0;0.138;-0.76;-42.93;-0.2;-53.97;-53.97;0;0;0;-0.0033;-0.0824;3091.81;56569000;0.12;0.1594
BRKM5;22.85;-5.36;2.52;0.223;0;0.207;1.62;-12.25;-0.39;-27.02;10.99;-0.0182;-0.0476;1.49;-0.0246;-0.47;85886300;7232560000;5.19;-0.0711
SEER3;6.58;-5.24;0.68;0.481;0;0.243;4.25;4.24;-0.58;6.83;3.17;0.1134;-0.0917;1.34;0.0617;-0.1303;10625700;1240560000;0.59;0.1594
MBLY3;3.7;-5.2;0.76;0.646;0;0.484;1.22;-4.7;2.55;-4.83;-28.04;-0.1373;-0.1242;3.49;-0.1432;-0.147;8670310;515451000;0.34;0.0928
BIOM3;5.4;-4.95;3.63;3.595;0;1.282;9.4;-6.35;-4.58;-7.94;-7.9;-0.5659;-0.7257;1.59;-0.2543;-0.7328;93106.2;120928000;1.32;11.938
BRPR3;660;-4.8;0.16;1.933;0;0.089;0.45;6.63;0.52;29.27;27.75;0.2917;-0.4177;1.46;0.0141;-0.0343;8056500;1860360000;0.65;-0.1685
NORD3;5.45;-4.73;-0.23;17.802;0;1.965;-0.23;-104.29;-0.21;-213.92;-213.92;-0.1707;-37.657;0.01;-0.0192;0.0489;377.19;-156237000;-0.24;0.1429
AZEV4;2.34;-4.56;1.83;0.409;0;0.355;-3.25;-1.94;-0.91;-2.31;-3.53;-0.2112;-0.0898;0.79;-0.2164;-0.4011;6246700;119223000;0.43;76.166
BRFS3;8.93;-4.38;1.64;0.277;0;0.277;6.64;115.45;-0.73;237.71;9.52;0.0024;-0.0637;1.1;0.0039;-0.3745;191341000;9152650000;2.6;0.1703
AZEV3;2.25;-4.38;1.76;0.393;0;0.341;-3.12;-1.86;-0.88;-2.24;-3.42;-0.2112;-0.0898;0.79;-0.2164;-0.4011;2602160;119223000;0.43;76.166
AGXY3;4.91;-4.27;0.79;0.076;0.0081;0.096;1.72;1.76;-1.14;3.72;2.93;0.0429;-0.0169;1.08;0.126;-0.1862;351911;1055090000;2;0.6016
BRKM6;18;-4.22;1.98;0.176;0;0.163;1.28;-9.65;-0.31;-24.42;9.93;-0.0182;-0.0476;1.49;-0.0246;-0.47;1114.09;7232560000;5.19;0.1594
TEND3;14.12;-4.16;2.53;0.677;0;0.404;2.77;-38.73;-1.25;-52.72;207.74;-0.0175;-0.166;1.39;-0.013;-0.6077;47961200;687819000;1.98;0.4348
ADHM3;1.56;-4.09;-1.29;770.924;0;105.126;-1.43;-5.69;-1.27;-5.69;-5.81;-135.485;-188.606;0;5.217;0.3147;2064;-19776000;0;0.2484
KRSA3;1.16;-4.03;0.85;0.414;0;0.188;1.3;3.93;-0.4;13.77;8.02;0.1054;-0.0975;2.02;0.0541;-0.2117;934641;1050430000;2.32;0.094
AALR3;8.38;-3.46;1.15;0.875;0;0.393;-3.08;-585.18;-0.8;-1113.87;16.43;-0.0015;-0.246;0.55;-0.0007;-0.3311;7387540;865378000;1.15;0.0306
BAHI3;10.62;-3.17;4.32;0.749;0;0.434;-1.39;-14.4;-0.54;-23;-502.91;-0.052;-0.247;0.19;-0.0319;-13.646;63693.2;64866000;2.95;0.6818
MRFG3;7.61;-3.1;1.24;0.036;0.1195;0.04;0.91;2.34;-0.08;22.58;5.34;0.0156;-0.0361;1.14;0.0235;-0.3999;97194600;4053750000;15.33;-0.0989
WEST3;1.6;-3.04;0.62;0.798;0;0.452;1.08;-2.15;1.3;-0.65;-0.9;-0.3716;-0.2627;3.16;-0.393;-0.2029;3360280;286731000;0.09;0.3334
AZUL4;13.69;-2.94;-0.24;0.271;0;0.278;-0.39;2.13;-0.15;11.8;5.83;0.1272;-0.0923;0.28;0.1643;0.0824;191342000;-19682000000;-1.13;0.1581
TRAD3;1.15;-2.59;0.66;5.249;0;0.623;2.66;-3.55;2.67;-2.28;-2.94;-14.787;-20.245;4.92;-0.227;-0.2559;2993470;485762000;0;-0.4048
CVCB3;2.46;-2.34;2.06;0.892;0;0.265;-2.81;-13.78;-0.78;-14;8.41;-0.0647;-0.3814;0.85;-0.0306;-0.8807;59204900;529943000;1.49;0.4447
CTSA3;2.87;-2.21;0.32;0.479;0;0.144;-2.88;-1.34;-0.42;-3.26;-4;-0.3576;-0.2165;0.8;-0.1196;-0.1426;14824.7;253252000;0.46;-0.0924
JFEN3;2.77;-2.18;-0.09;0.779;0;0.051;-0.36;-1.04;-0.06;-11.63;-11.97;-0.7474;-0.3818;0.85;-0.0532;0.0417;40643.9;-640874000;-0.95;-0.1681
TXRX4;3.5;-2.12;-0.04;0.077;0;0.065;-0.08;0.78;-0.03;16.62;13.39;0.0984;-0.0363;0.37;0.1159;0.0204;4598.19;-345671000;-0.87;0.27
IFCM3;1.48;-2.07;0.4;0.579;0;0.173;23.26;-7.81;-0.59;-14.92;12.86;-0.0741;-0.2793;1.03;-0.0279;-0.1952;12359600;1416870000;0.53;-0.2868
FRIO3;45;-1.76;-0.44;0.099;0;0.107;-0.31;2.4;-0.23;20.03;11.64;0.0411;-0.0493;0.68;0.0628;0.2522;2391.84;-416793000;-3.61;0.1111
BLUT4;1.52;-1.66;0.14;0;0;0.041;-0.22;-12.69;-0.06;-23.74;-23.74;0;0;0;-0.0033;-0.0824;10453.2;56569000;0.12;0
DOTZ3;1.06;-1.66;-0.69;0.984;0;0.441;-0.92;-2.85;-0.39;-2.76;-5.77;-0.346;-0.594;0.51;-0.2864;0.4149;301223;-203578000;-0.52;0.1386
VIIA3;1.17;-1.62;0.41;0.061;0;0.057;-0.51;0.98;-0.13;5.1;3.19;0.0619;-0.0376;0.79;0.0785;-0.2505;123246000;4610000000;1.89;0.2459
GFSA3;4.43;-1.57;0.16;0.223;0;0.051;0.13;-3.39;1.48;-23.08;-38.23;-0.0659;-0.142;2.32;-0.0162;-0.1002;17388800;1776580000;1.1;-0.1681
CTSA4;2.01;-1.55;0.22;0.335;0;0.101;-2.02;-0.94;-0.3;-2.86;-3.51;-0.3576;-0.2165;0.8;-0.1196;-0.1426;94629.1;253252000;0.46;0.0534
GSHP3;14;-1.45;-0.04;0.175;0;0.018;-0.41;0.61;-0.01;37.98;36.17;0.2888;-0.1206;0.78;0.0317;0.0246;335.67;-756780000;-2.34;0.0029
VIVR3;3.39;-1.25;4.31;0.713;0;0.245;5.67;-4.17;-0.56;-4.29;-4.51;-0.1711;-0.5715;1.09;-0.0669;-34.616;2132070;18455000;1.79;0.6596
CTNM3;9.7;-0.97;0.59;0.167;0;0.079;-12.55;-2.34;-0.2;-10.82;-78.83;-0.0712;-0.2995;0.98;-0.0402;-0.6074;5354.28;504079000;2.75;-0.011
FHER3;7.92;-0.95;4.2;0.076;0;0.159;0.82;-1.03;-0.72;-0.94;-1.04;-0.0736;-0.0802;1.35;-0.2771;-44.386;464153;101642000;0.31;0.3798
TPIS3;4.02;-0.82;0.23;0.208;0.0457;0.063;-0.5;-1.07;-0.09;-10.58;19.73;-0.1944;-0.2577;0.3;-0.0626;-0.2847;256254;760673000;2.13;-0.0164
ESTR4;6.3;-0.79;-0.09;0.293;0;0.199;-0.09;13.96;-0.08;34.59;22;0.021;-0.3727;0.18;0.0159;0.1201;368.84;-539624000;-0.14;0.113
FRTA3;2.27;-0.64;-0.06;0.628;0;0.148;-0.05;-1.09;-0.05;-15.98;-17.41;-0.5742;-0.9799;0.04;-0.1854;0.1001;26614.8;-72724000;-0.88;-0.0117
PCAR3;4.8;-0.63;0.12;0.203;0;0.029;0.12;14.25;-0.75;46.58;5.43;0.0142;-0.29;1.6;0.0024;-0.1846;55624000;11220000000;0.55;-0.3693
GPIV33;3.09;-0.61;0.23;-1.137;0;0.078;-0.76;-0.77;-0.29;-1.95;-1.95;14.812;1.888;0.6;-0.1181;-0.3704;64093.7;1076900000;0.76;0
INEP3;4.31;-0.49;-0.11;20.844;0;0.145;-0.15;-3.41;-0.06;-20.1;-22.36;-61.069;-403.296;0.08;-0.0447;0.2128;495570;-1776680000;-0.51;-0.1925
SEQL3;0.66;-0.47;0.38;0.101;0;0.072;23.43;-0.82;-0.14;-6.33;-207.94;-0.1229;-0.2133;1.01;-0.0975;-0.7953;10557700;362608000;2.77;0.0133
LIGT3;5.69;-0.4;0.69;0.16;0;0.091;-0.19;-1.46;-0.13;-7.37;-15.46;-0.1092;-0.3974;0.27;-0.0713;-1.722;17650500;3060190000;3.37;0.032
AMAR3;0.69;-0.38;0.78;0.093;0;0.089;-57.49;21.94;-0.2;119.42;5.07;0.0042;-0.2464;1;0.0058;-20.606;4236460;304199000;4.57;-0.0031
INEP4;3.24;-0.37;-0.08;15.669;0;0.109;-0.11;-2.57;-0.05;-19.25;-21.42;-61.069;-403.296;0.08;-0.0447;0.2128;211126;-1776680000;-0.51;-0.1925
AVLL3;5.45;-0.3;-0.3;0.458;0;0.11;-0.19;-10.28;-0.1;-73.52;-106.07;-0.0445;-15.127;0.32;-0.0122;0.9981;19615.7;-516453000;-2.13;-0.0163
CTNM4;2;-0.2;0.12;0.034;0;0.016;-2.59;-0.48;-0.04;-8.96;-65.29;-0.0712;-0.2995;0.98;-0.0402;-0.6074;64049.7;504079000;2.75;-0.011
SGPS3;1.67;-0.18;0.14;0.058;0;0.028;1.21;-0.68;-0.07;-7.23;-39.86;-0.0847;-0.314;1.07;-0.0505;-0.75;494833;605751000;1.75;0.0003
RPMG3;2.33;-0.17;-0.03;0.03;0;0.028;-0.04;-0.15;-0.03;-0.16;-0.16;-0.1956;-0.173;0.55;-0.1909;0.1909;34227.5;-4764840000;0;0.5291
SNSY5;3.98;-0.1;-0.02;0.036;0;0.063;7.31;1.46;-0.01;7.38;4.16;0.0244;-0.3458;1.02;0.0484;0.1603;62213.2;-1863700000;-0.07;0.0119
NEXP3;5.85;-0.1;-0.12;0.116;0;0.12;-0.28;-3.87;-0.07;-16.37;7.65;-0.03;-11.108;0.45;-0.0335;11.725;40749;-129418000;-0.43;0.2143
PMAM3;4.93;-0.07;-0.06;0.159;0;0.102;-0.07;-0.36;-0.04;-6.14;-7.39;-0.4452;-23.024;0.19;-0.3903;0.8552;205951;-3625740000;-0.96;-0.2624
OIBR4;2.07;-0.06;-0.06;0.131;0;0.046;-0.7;-0.34;-0.03;-5.61;-18.91;-0.3868;-21.944;0.83;-0.1789;0.952;344675;-23993100000;-0.99;-0.178
TEKA4;16.18;-0.05;0;0.03;0;0.007;0;-2.56;0;-171.03;414.05;-0.0115;-0.5476;0.04;-0.0047;0.0757;8766.95;-1993950000;-0.27;0.4542
OSXB3;4.69;-0.05;0;0.405;0;0.005;-0.02;-0.48;0;-186.43;-314.37;-0.8394;-9.906;0.01;-0.0121;0.0487;13445;-6022890000;-0.95;0.208
OIBR3;0.69;-0.02;-0.02;0.044;0;0.015;-0.23;-0.11;-0.01;-5.39;-18.15;-0.3868;-21.944;0.83;-0.1789;0.952;7225920;-23993100000;-0.99;-0.178
PDGR3;3.96;-0.02;0;0.116;0;0.012;0;-0.27;0;-28.09;-28.54;-0.4222;-74.266;0.24;-0.0614;0.1585;473465;-5155050000;-0.27;-0.0598
RSID3;3.86;0;-0.06;0;0;0.12;-0.07;0;-0.05;0;0;0;0;0.24;0;0;180534;-1200090000;-0.52;-0.3123
BRBI11;15.8;0;0;0;0.0532;0;0;0;0;0;0;0;0;0;0;0;1526380;0;0;0
HETA4;6.48;0.02;-0.01;0.991;0;0.24;-2.5;1.5;-0.01;148.63;148.63;0.6617;616.836;0.73;0.1618;-0.5852;3264.14;-351396000;-0.92;0.4421
ATMP3;2.2;0.05;26.12;0.141;0;0.038;3.72;-0.32;-0.05;-1.77;-4.35;-0.447;25.868;1.05;-0.1259;478.425;237375;2250000;145.87;-0.1722
MNDL3;55.55;0.15;0.81;0.17;0;0.107;-0.83;1.47;-0.21;5.46;4.67;0.1162;11.286;0.73;0.0779;53.681;55037;170055000;2.24;0.1645
SLED4;1.68;0.23;-0.04;0.218;0;0.251;-0.1;-0.23;-0.04;-0.75;-0.92;-0.9381;0.9272;0.12;-225.994;-0.1807;421500;-381277000;-0.09;-0.4869
HOOT4;2.21;0.29;-0.19;0.317;0;0.08;-0.13;0.25;-0.06;0.19;0.18;12.635;1.092;0.13;0.335;-0.6602;14805.5;-212115000;0;-0.1795
BDLL4;10.09;0.29;-0.11;0.423;0;0.026;-2.16;-0.36;-0.03;-3.83;-4.05;-11.843;14.473;0.98;-0.0778;-0.3884;3497.44;-142292000;-1.28;0.1576
BDLL3;12.2;0.35;-0.14;0.511;0;0.031;-2.61;-0.43;-0.04;-3.9;-4.13;-11.843;14.473;0.98;-0.0778;-0.3884;28.37;-142292000;-1.28;-0.1795
MGEL4;16;0.42;2.88;0.097;0;0.118;0.77;1.16;-0.24;8.2;6.54;0.083;0.2318;1.49;0.1225;69.247;19926.3;32096000;20.14;0.2077
RNEW3;1.34;0.52;0.39;1.355;0;0.122;-1.06;-16.86;-0.19;-66.98;18.55;-0.0804;26.171;0.2;-0.0075;0.7553;278032;855087000;1.2;0.0018
RNEW11;4.05;0.52;0.39;1.365;0;0.123;-1.07;-16.98;-0.19;-67.11;18.59;-0.0804;26.171;0.2;-0.0075;0.7553;46163.3;855087000;1.2;0.0018
RNEW4;1.37;0.53;0.4;1.385;0;0.125;-1.08;-17.24;-0.19;-67.36;18.66;-0.0804;26.171;0.2;-0.0075;0.7553;177059;855087000;1.2;0.0018
SLED3;4;0.56;-0.1;0.519;0;0.599;-0.25;-0.55;-0.09;-1.07;-1.31;-0.9381;0.9272;0.12;-225.994;-0.1807;29231.6;-381277000;-0.09;0.1397
IGBR3;175.99;0.56;-0.34;30.247;0;1.035;-0.99;-3.7;-0.29;-7.85;-8.21;-81.712;537.932;0.33;-0.5799;-0.601;10393.3;-650957000;-0.54;-0.4869
MWET4;10;0.67;-1.72;0.071;0;0.074;-1.15;9.5;-0.11;42.62;14.21;0.0075;0.1062;0.86;0.0087;-25.712;26442.6;-11961000;-6.03;0.1701
MWET3;13.3;0.89;-2.29;0.095;0;0.099;-1.54;12.64;-0.15;45.75;15.26;0.0075;0.1062;0.86;0.0087;-25.712;92.7;-11961000;-6.03;0.1701
AHEB5;16.59;1.89;16.53;0.301;0;0.386;2.89;1.44;-0.7;1.11;1.04;0.2087;0.1593;1.46;0.3341;87.355;345.65;8577000;0.51;0.4978
AHEB6;17.01;1.94;16.94;0.309;0;0.395;2.96;1.48;-0.71;1.15;1.07;0.2087;0.1593;1.46;0.3341;87.355;125.61;8577000;0.51;0.4978
HAGA4;1.32;2.06;-0.28;0.531;0;0.266;0.65;-19.78;-0.24;3.48;-5.27;-0.0268;0.2582;1.93;-0.0426;-0.1378;42461.5;-55453600;-0.37;0.0874
AHEB3;18.95;2.16;18.88;0.344;0;0.441;3.3;1.65;-0.8;1.32;1.23;0.2087;0.1593;1.46;0.3341;87.355;95.44;8577000;0.51;0.4978
LUPA3;2.46;2.17;0.54;0.884;0;0.171;2.28;-4.87;-0.45;-13.34;-33.78;-0.1816;0.4069;1.33;-0.0367;0.2486;1709660;156906000;0.96;-0.0816
CTKA4;11.25;2.45;-0.52;0.109;0;0.115;0.4;1.29;-0.21;10.19;7.74;0.0844;0.0446;1.75;0.11;-0.213;7578.6;-133688000;-4.01;0.2129
PETR4;33.53;2.8;1.18;0.752;0.2759;0.442;-29.59;1.67;-0.91;2.51;1.95;0.4497;0.2699;0.9;0.2895;0.4219;1585550000;3.71E+16;0.75;0.1942
CEDO4;13.76;2.87;0.91;0.113;0;0.164;4.75;0.81;-0.6;2.18;1.92;0.1393;0.033;1.07;0.2327;0.3183;190696;150812000;1.64;0.2525
SUZB3;50.27;2.87;1.56;1.358;0.0367;0.481;2.87;3.47;-1.16;6.32;4.56;0.3918;0.474;2.56;0.1712;0.545;199968000;42587500000;1.75;13.709
CALI3;14.1;2.88;1.73;0.318;0.0317;0.256;1.88;2.84;-0.47;5.53;5.42;0.112;0.1105;1.82;0.0993;0.5997;906.77;30381000;2.04;0
BRAP3;20.88;2.98;1.08;0;0.1276;1.074;40.15;-404.47;40.25;-391.69;-391.69;0;0;4.7;-0.0027;0.3631;1260670;7585760000;0;0.1942
PETR3;36.86;3.07;1.3;0.827;0.251;0.485;-32.53;1.84;-1;2.67;2.08;0.4497;0.2699;0.9;0.2895;0.4219;462213000;3.71E+16;0.75;0
BRAP4;22.6;3.23;1.17;0;0.1296;1.163;43.45;-437.79;43.57;-425.01;-425.01;0;0;4.7;-0.0027;0.3631;67545900;7585760000;0;0.2046
BNBR3;89.5;3.46;0.78;0;0.0693;0;0;0;0;0;0;0;0;0;0;0.2264;7405.05;9862320000;0;0.2086
BAZA3;78.35;3.52;0.8;0;0.0707;0;0;0;0;0;0;0;0;0;0;0.2287;320513;5462610000;0;0.2994
CLSC3;60.41;3.8;0.73;0.227;0.047;0.198;-10.41;3.2;-0.5;5.18;3.68;0.0711;0.0598;0.95;0.074;0.1914;8435.77;3201190000;0.77;0.2046
GOAU3;11.85;3.83;0.7;0.161;0.0979;0.164;0.58;1;1.84;1.45;1.16;0.1611;0.1261;3.03;0.1935;0.1839;588964;17401700000;0.61;0.2138
GOAU4;11.88;3.84;0.71;0.161;0.0976;0.164;0.59;1;1.84;1.45;1.17;0.1611;0.1261;3.03;0.1935;0.1839;75370700;17401700000;0.61;0.2138
CEDO3;18.45;3.84;1.22;0.151;0;0.22;6.37;1.09;-0.81;2.45;2.17;0.1393;0.033;1.07;0.2327;0.3183;61503.4;150812000;1.64;0.4914
HBTS5;51;3.89;0.81;4.622;0.0469;0.323;-9.11;20.27;-0.67;27.05;25.37;0.228;11.883;0.77;0.0171;0.2089;10192;573238000;0.43;0.0915
CLSC4;64.5;4.06;0.78;0.243;0.0484;0.211;-11.11;3.42;-0.53;5.39;3.84;0.0711;0.0598;0.95;0.074;0.1914;409360;3201190000;0.77;0.0915
BBAS3;47.26;4.09;0.86;0;0.0971;0;0;0;0;0;0;0;0;0;0;0.2105;418309000;1.57E+14;0;0.2097
CMIG4;12.51;4.16;1.17;0.768;0.0903;0.505;8.07;3.49;-1.58;4.51;3.91;0.2202;0.1849;1.34;0.1635;0.2807;99925700;23609100000;0.5;0.118
EPAR3;14.3;4.28;1.57;0.192;0.0869;0.856;2.36;3.2;3.76;3.28;3.1;0.0602;0.045;2.13;0.3601;0.3676;30588.6;135207000;0.31;0.1645
ALSO3;23.95;4.29;0.94;7.402;0.0217;0.487;10.39;16.06;-1.44;14.07;9.14;0.4608;17.735;1.87;0.0324;0.2184;110909000;14673500000;0;0.3808
JALL3;9.15;4.34;1.36;1.577;0.0484;0.428;2.06;14.64;-1.25;28.71;6.36;0.1078;0.3637;2.53;0.0348;0.313;9000110;1986740000;1.74;0.315
HAGA3;2.79;4.35;-0.6;1.122;0;0.562;1.38;-41.8;-0.52;-18.55;28.13;-0.0268;0.2582;1.93;-0.0426;-0.1378;38029;-55453600;-0.37;0.2138
GGBR3;23.72;4.36;0.85;0.547;0.1364;0.565;2.08;3.39;7.34;3.92;3.15;0.1613;0.1259;2.94;0.1939;0.1952;1130150;48976900000;0.22;0.0874
AURE3;13.94;4.5;0.94;2.373;0.1076;0.422;2.87;16.72;-1.54;17.25;10.16;0.1419;0.527;2.12;0.0321;0.2094;34755100;14786000000;0.45;0.4752
PLAS3;8;4.58;-0.3;0.109;0;0.151;-0.41;-4.69;-0.12;-18.18;12.11;-0.0233;0.0239;0.43;-0.0374;-0.0664;1250.09;-326607000;-0.9;0.2876
EUCA4;13.1;4.68;0.57;0.459;0.0603;0.31;2.24;3.07;-3.57;4.46;2.84;0.1496;0.0982;1.61;0.1116;0.1213;440133;2138630000;0.32;0.2138
GGBR4;25.73;4.73;0.92;0.593;0.1257;0.613;2.26;3.68;7.96;4.21;3.38;0.1613;0.1259;2.94;0.1939;0.1952;269784000;48976900000;0.22;0.1975
TECN3;3.27;4.79;0.63;0.673;0.0264;0.363;0.73;3.68;1.66;3.64;4.39;0.183;0.1404;4.32;0.1281;0.1316;693941;367561000;0.3;0.0563
MTSA4;51.8;4.82;1.09;0.627;0.0626;0.831;1.49;4.07;1.55;3.23;2.94;0.1541;0.1302;3.6;0.2888;0.2264;109885;417587000;0.09;0.316
CIEL3;3.67;4.85;0.85;1.515;0.079;0.104;0.75;6.4;3.16;10.54;8.03;0.2366;0.3127;1.19;0.0523;0.1759;146671000;11697500000;0.63;-0.1012
SAPR3;4.47;4.94;0.74;1.145;0.076;0.382;8.14;2.74;-1.13;4.55;3.84;0.4183;0.2319;1.47;0.152;0.1503;1087730;9100570000;0.62;0.0745
BMKS3;300;5.08;0.69;7.818;0.1926;0.595;0.81;-20.9;0.94;2.56;2.6;-0.3742;15.394;25.52;-0.095;0.1356;32420.6;198040000;0.03;0.1791
BMEB4;13.4;5.13;1.02;0;0.0807;0;0;0;0;0;0;0;0;0;0;0.198;309050;1382020000;0;0.0169
NEOE3;18.5;5.13;0.81;0.503;0.0625;0.232;9.23;2.28;-0.54;6.04;4.84;0.221;0.0995;1.1;0.1136;0.1572;27232900;27832000000;1.56;0.1206
CGRA3;25.8;5.19;0.59;0.754;0.1037;0.416;1.66;5.44;2.9;4.27;3.29;0.1386;0.1453;2.32;0.0931;0.1141;425266;845384000;0;0.1524
CEBR3;13.62;5.21;0.98;3.457;0.1095;0.697;1.62;13.8;1.71;5.02;4.47;0.2506;0.8067;5.72;0.092;0.1878;76351.1;1003460000;0;-0.4719
SAPR11;23.65;5.23;0.79;1.212;0.0775;0.404;8.61;2.9;-1.19;4.71;3.97;0.4183;0.2319;1.47;0.152;0.1503;18067400;9100570000;0.62;0.0745
CEBR5;13.7;5.24;0.98;3.477;0.1089;0.701;1.63;13.88;1.72;5.1;4.54;0.2506;0.8067;5.72;0.092;0.1878;34641.5;1003460000;0;0.0745
SAPR4;4.75;5.25;0.79;1.217;0.0786;0.405;8.65;2.91;-1.2;4.72;3.98;0.4183;0.2319;1.47;0.152;0.1503;7689300;9100570000;0.62;-0.4719
ROMI3;13.29;5.35;1.07;0.785;0.0687;0.518;1.48;5.11;4.83;7.4;5.99;0.1536;0.1472;2.31;0.1221;0.1989;8527840;1107180000;0.74;0.1303
POSI3;8.05;5.36;0.82;0.301;0.0639;0.297;0.72;3.04;1.8;5.4;4.75;0.0991;0.0574;2.07;0.1286;0.1532;12677100;1389550000;0.95;0.2513
VALE3;67.62;5.39;1.64;1.487;0.0599;0.696;31.99;3.94;-1.78;4.49;3.72;0.3778;0.278;1.15;0.1992;0.3045;1765840000;1.87E+16;0.36;0.1728
ABCB4;19.33;5.41;0.81;0;0.0811;0;0;0;0;0;0;0;0;0;0;0.1489;15179700;5420810000;0;0.218
CGRA4;26.95;5.42;0.62;0.788;0.0993;0.435;1.74;5.68;3.03;4.52;3.48;0.1386;0.1453;2.32;0.0931;0.1141;322532;845384000;0;0.1206
CAMB3;10;5.56;2.08;0.863;0.025;1.128;4.48;3.68;34.48;4.21;3.82;0.2344;0.1555;2.05;0.3312;0.3748;840615;203028000;0.33;0.2425
MOAR3;380;5.62;2.99;0;0.0451;1.566;5.35;-158.01;-23.65;-149.57;-151;0;0;3.5;-0.016;0.5322;74780.5;1555850000;0.56;0.1926
KLBN11;22.74;5.63;2.17;1.297;0.0615;0.519;4.76;4.01;-1.09;7.07;4.76;0.3236;0.2694;1.86;0.1576;0.3854;96318100;11784300000;2.17;-0.5147
KLBN3;4.55;5.63;2.17;1.298;0.0615;0.519;4.76;4.01;-1.09;7.07;4.76;0.3236;0.2694;1.86;0.1576;0.3854;1745020;11784300000;2.17;0.1926
KLBN4;4.55;5.63;2.17;1.298;0.0615;0.519;4.76;4.01;-1.09;7.07;4.76;0.3236;0.2694;1.86;0.1576;0.3854;9975750;11784300000;2.17;0.1926
EQMA3B;28.29;5.69;1.23;0.889;0.0986;0.533;7.59;3.79;-1.99;5.11;4.29;0.2346;0.1562;1.31;0.1696;0.2156;39861;3783950000;0.69;0.1066
MTRE3;5.26;5.7;0.54;0.69;0.1748;0.257;0.5;12.91;0.9;22.27;19.58;0.0535;0.1217;2.85;0.0222;0.0949;6641620;1028210000;0.57;0.1975
EUCA3;16.06;5.74;0.7;0.563;0.0447;0.38;2.75;3.76;-4.37;5.16;3.29;0.1496;0.0982;1.61;0.1116;0.1213;27983.7;2138630000;0.32;0.3736
CEBR6;15.15;5.8;1.09;3.845;0.1083;0.775;1.8;15.35;1.9;6.57;5.85;0.2506;0.8067;5.72;0.092;0.1878;142839;1003460000;0;-0.4719
RANI3;11.75;5.87;2.26;1.753;0.0751;0.766;3.27;5.38;-2.66;7.22;6.04;0.3257;0.2987;2.7;0.1949;0.3849;9587740;1281240000;1.44;0.2955
MEAL3;1.97;5.88;0.52;0.249;0;0.216;-4.21;-7.35;-0.51;-11.95;5.53;-0.0339;0.0423;0.77;-0.0335;0.089;3190620;1077960000;0.48;0.1269
RSUL4;64;5.96;2.41;1.02;0.0445;1.135;4.02;3.76;-568.99;3.38;3.18;0.2718;0.1712;2.16;0.3712;0.4034;248260;161582000;0.05;0.1854
DEXP4;9.81;6.22;1.42;0.501;0.0278;0.665;1.54;4.71;3.25;4.42;3.87;0.1064;0.0976;3.06;0.2071;0.2278;44641.4;650596000;0.47;0.2321
EALT3;8.7;6.25;0.88;0.417;0.0395;0.371;-232.76;4.23;-1.67;6.4;4.51;0.0986;0.0667;1;0.0952;0.1412;2451.95;221860000;0.49;0.3094
BOBR4;1.87;6.26;-4.16;0.327;0;0.573;-3.93;2.38;-0.86;4.19;3.67;0.1377;0.0523;0.76;0.3176;-0.6643;146082;-117170000;-3.58;0.0823
CSRN3;24.1;6.34;2.66;1.12;0.1238;0.716;-15.29;4.21;-1.51;6.43;5.5;0.2658;0.1768;0.84;0.1921;0.4193;16806;1524000000;1.66;0.1634
EALT4;8.85;6.36;0.9;0.424;0.0427;0.378;-236.77;4.3;-1.69;6.48;4.56;0.0986;0.0667;1;0.0952;0.1412;86413.2;221860000;0.49;0.1634
BGIP4;23.5;6.44;0.66;0;0.1453;0;0;0;0;0;0;0;0;0;0;0.1032;36240.2;597592000;0;0.2521
CSMG3;18.38;6.46;0.92;1.037;0.081;0.517;17.73;4.48;-1.99;6.55;4.4;0.2314;0.1606;1.19;0.1255;0.1428;38232300;7581400000;0.53;0.1065
FESA4;49.9;6.46;1.37;1.559;0.0656;1.067;3.27;5.79;5.13;4.85;3.86;0.2693;0.2415;4.2;0.2557;0.2119;10093600;3220380000;0.1;0.5251
RECV3;22.06;6.48;1.5;2.186;0.048;0.956;-45.53;5.94;-5.4;5.77;4.1;0.3682;0.3372;0.9;0.1943;0.2312;67070300;4314600000;0.14;0.0816
CMIG3;19.56;6.5;1.82;1.2;0.0577;0.789;12.62;5.45;-2.48;6.48;5.61;0.2202;0.1849;1.34;0.1635;0.2807;6178850;23609100000;0.5;0.118
TASA3;15.95;6.55;1.91;0.935;0.0875;0.985;4.71;4.79;9.16;5.37;4.98;0.1951;0.1427;1.55;0.2433;0.2914;305517;1058530000;0.43;0.005
TASA4;16.02;6.58;1.92;0.939;0.0871;0.989;4.73;4.81;9.2;5.39;5;0.1951;0.1427;1.55;0.2433;0.2914;8837790;1058530000;0.43;0.1241
TKNO4;64.98;6.58;0.7;0.693;0.0708;0.572;1.48;7.12;1.65;6.02;4.91;0.0974;0.1054;3.65;0.0971;0.1069;2304.51;272425000;0.01;0.2951
PINE4;3.81;6.66;0.76;0;0.0426;0;0;0;0;0;0;0;0;0;0;0.1137;2296310;938357000;0;0.285
TRPL4;24.15;6.72;0.91;2.909;0.044;0.466;6.26;5.29;-1.45;7.74;7.67;0.5502;0.4428;1.93;0.0925;0.1353;42255400;17506600000;0.5;0.0751
RAPT3;9.75;6.75;1.09;0.283;0.0525;0.256;0.82;2.16;-2.72;4.34;3.68;0.1309;0.0628;2.17;0.1557;0.1622;189199;2934230000;1.8;0.157
SOND6;45;6.75;1.99;0.675;0.1354;1.197;3.24;2.84;4.67;2;1.88;0.238;0.1001;2.29;0.664;0.2945;951.42;55632000;0;0.1205
ITSA4;9.27;6.78;1.17;11.519;0.062;0.879;20.57;81.46;-10.7;85.99;45.23;0.1414;1.755;1.49;0.0118;0.1726;231211000;76867000000;0.16;0.2951
CEEB3;41;6.79;1.7;0.746;0.1108;0.405;-8.93;3.07;-0.73;6.65;5.37;0.243;0.1098;0.82;0.1413;0.251;44564.3;6303000000;2.09;0.1791
BRSR6;12.67;6.8;0.55;0;0.0608;0;0;0;0;0;0;0;0;0;0;0.0809;20009800;9421780000;0;0.3462
ITSA3;9.36;6.84;1.18;11.631;0.0614;0.887;20.77;82.25;-10.8;86.78;45.64;0.1414;1.755;1.49;0.0118;0.1726;1557360;76867000000;0.16;13.374
POMO3;5.03;6.84;1.47;0.753;0.0604;0.654;2.13;7.03;21.99;8.61;7.18;0.1071;0.1089;2.13;0.1253;0.2141;2064300;3250220000;0.74;0.157
KEPL3;12.05;6.91;3.24;1.335;0.0944;1.775;5.79;5.66;9.6;5.37;4.96;0.2358;0.1931;1.93;0.4361;0.4685;15925900;668654000;0.23;0.2974
BMEB3;18.05;6.92;1.37;0;0.0545;0;0;0;0;0;0;0;0;0;0;0.198;4911.6;1382020000;0;0.0505
COCE5;43;6.97;0.82;0.381;0.0197;0.251;-1.95;2.7;-0.56;6.9;5.01;0.1411;0.0546;0.66;0.1103;0.1172;2505660;4095830000;1.46;-0.1093
BRSR3;13;6.97;0.56;0;0.0592;0;0;0;0;0;0;0;0;0;0;0.0809;76896.1;9421780000;0;-0.3934
JSLG3;8.92;7.03;1.55;0.382;0.0265;0.263;3.18;3.04;-0.46;8.95;6.18;0.1258;0.0543;1.48;0.0975;0.2207;2150510;1646050000;3.49;-0.0009
GEPA3;25.52;7.11;1.17;1.693;0.1258;0.661;-4.54;4.17;-2.23;5.18;3.93;0.4064;0.2381;0.48;0.2002;0.1642;3021.05;2064290000;0.44;0.005
BGIP3;26;7.13;0.74;0;0.1194;0;0;0;0;0;0;0;0;0;0;0.1032;22429.5;597592000;0;0.1614
MDNE3;10.81;7.2;0.73;0.932;0;0.298;1.25;6.01;-1.36;5.53;5.33;0.1551;0.1285;2.76;0.0557;0.1014;3986350;1257040000;0.15;0.3791
GEPA4;25.92;7.22;1.19;1.72;0.1239;0.672;-4.61;4.23;-2.26;5.25;3.98;0.4064;0.2381;0.48;0.2002;0.1642;13294.2;2064290000;0.44;0.0505
CPFE3;34.67;7.23;2.24;0.999;0.0832;0.551;-25.11;3.77;-1.09;5.6;4.76;0.2649;0.1424;0.91;0.1648;0.31;53141000;17831400000;1.38;-0.0009
ITUB3;23.35;7.24;1.34;0;0.0525;0;0;0;0;0;0;0;0;0;0;0.1852;17450300;1.71E+16;0;13.374
PINE3;4.15;7.25;0.82;0;0;0;0;0;0;0;0;0;0;0;0;0.1137;13.14;938357000;0;0.1065
CSRN6;27.6;7.26;3.04;1.283;0.1189;0.82;-17.51;4.83;-1.72;7.05;6.02;0.2658;0.1768;0.84;0.1921;0.4193;570.77;1524000000;1.66;0.1009
DEXP3;11.5;7.3;1.66;0.588;0.0233;0.779;1.8;5.52;3.81;5.23;4.58;0.1064;0.0976;3.06;0.2071;0.2278;762516;650596000;0.47;0.3094
FIEI3;15;7.33;0.41;13.979;0;0.347;5.19;-3.92;-5.91;-3.49;-3.55;-35.664;18.907;3.03;-0.0944;0.0563;1559.09;88102000;0;0.1243
WLMM3;23.11;7.42;1.29;0.379;0.0432;0.891;2.42;6.29;2.88;6.27;6.08;0.0603;0.0511;2.48;0.1763;0.1735;6314.81;653320000;0.24;0.274
ETER3;9.46;7.48;0.84;0.49;0.0411;0.481;1.59;5.66;5.04;6.39;4.91;0.0867;0.0656;2.36;0.0947;0.1126;2421420;694083000;0.18;0.2974
SOND5;50;7.5;2.21;0.75;0.1219;1.33;3.6;3.15;5.19;2.32;2.18;0.238;0.1001;2.29;0.664;0.2945;318.61;55632000;0;0.1065
EQPA3;6.3;7.73;3.65;1.505;0.143;1.057;8.98;5.34;-2.8;6.78;5.84;0.2819;0.1948;1.55;0.2395;0.4723;19436.9;3812660000;1.34;0.1673
CSRN5;29.5;7.76;3.25;1.372;0.1113;0.877;-18.71;5.16;-1.84;7.38;6.31;0.2658;0.1768;0.84;0.1921;0.4193;275.23;1524000000;1.66;0.3722
JHSF3;4.95;7.89;0.67;2.007;0.0946;0.315;1.47;5.75;-1.64;9.83;8.94;0.3492;0.2628;3.42;0.0588;0.0846;14931100;5036340000;0.61;0.0828
EKTR3;34;7.99;2.31;0.781;0.1728;0.612;8.84;3.72;-1.43;6.32;5.28;0.2096;0.0976;1.29;0.1958;0.2883;155.84;2858000000;1.98;0.2526
FESA3;62.39;8.07;1.71;1.95;0.0477;1.334;4.09;7.24;6.41;6.3;5.02;0.2693;0.2415;4.2;0.2557;0.2119;5838.28;3220380000;0.1;0.2521
MRSA3B;25.06;8.13;1.42;1.439;0;0.579;-16.57;4.08;-1.31;5.63;5.63;0.3531;0.177;0.81;0.1623;0.1748;556.51;5994930000;0.75;0.1418
MRSA3B;25.06;8.13;1.42;1.439;0;0.579;-16.57;4.08;-1.31;5.63;5.63;0.3531;0.177;0.81;0.1623;0.1748;556.51;5994930000;0.75;0.1418
BMIN4;15.8;8.13;0.57;0;0.1006;0;0;0;0;0;0;0;0;0;0;0.0695;5072.53;134886000;0;0.2319
BEES3;8.7;8.25;1.31;0;0.0719;0;0;0;0;0;0;0;0;0;0;0.1592;130219;2093330000;0;0.1011
SHUL4;7.45;8.39;2.23;1.254;0.0398;1.161;2.8;7.51;7.18;7.66;6.53;0.167;0.1495;2.84;0.2307;0.2654;2571030;1195900000;0.59;0.285
CSUD3;16.34;8.42;1.73;1.272;0.0595;1.143;27.91;6.25;-15.35;6.4;4.08;0.2035;0.1511;1.18;0.2184;0.2049;1344420;395817000;0.21;-0.4638
BRGE7;9.27;8.52;0.52;189.218;0.0492;0.232;0.62;-0.87;1.24;1.07;1.1;-218.412;345.169;3.09;-0.5575;0.0608;150.91;1317630000;0;0.1418
RAPT4;12.35;8.54;1.39;0.359;0.0414;0.325;1.04;2.74;-3.44;4.91;4.17;0.1309;0.0628;2.17;0.1557;0.1622;25312500;2934230000;1.8;0.1418
MRSA6B;26.39;8.56;1.5;1.515;0.0244;0.61;-17.45;4.29;-1.38;5.85;5.85;0.3531;0.177;0.81;0.1623;0.1748;122.74;5994930000;0.75;0.2356
MRSA6B;26.39;8.56;1.5;1.515;0.0244;0.61;-17.45;4.29;-1.38;5.85;5.85;0.3531;0.177;0.81;0.1623;0.1748;122.74;5994930000;0.75;0.0751
ITUB4;27.61;8.57;1.59;0;0.0444;0;0;0;0;0;0;0;0;0;0;0.1852;748027000;1.71E+16;0;0.1673
EQPA7;7;8.59;4.06;1.673;0.1287;1.175;9.98;5.93;-3.11;7.37;6.35;0.2819;0.1948;1.55;0.2395;0.4723;1238.95;3812660000;1.34;0.1243
MRSA5B;26.78;8.69;1.52;1.538;0.024;0.619;-17.7;4.35;-1.4;5.91;5.91;0.3531;0.177;0.81;0.1623;0.1748;186.84;5994930000;0.75;0.0677
MRSA5B;26.78;8.69;1.52;1.538;0.024;0.619;-17.7;4.35;-1.4;5.91;5.91;0.3531;0.177;0.81;0.1623;0.1748;186.84;5994930000;0.75;0.1418
TUPY3;27.43;8.73;1.27;0.358;0.0269;0.403;1.27;4.34;-5.85;6.78;4.91;0.0825;0.0418;2.06;0.1242;0.1457;17304000;3109040000;1.09;0.1418
POMO4;6.47;8.8;1.88;0.969;0.047;0.841;2.74;9.04;28.28;10.62;8.86;0.1071;0.1089;2.13;0.1253;0.2141;34803500;3250220000;0.74;0.2497
BBSE3;31.92;8.89;7.14;0;0.1089;3.76;0;7.76;0;0;0;0;0;0;0;0.8032;157051000;8943940000;0;0.1263
TRPL3;32.09;8.92;1.21;3.866;0.0331;0.619;8.32;7.03;-1.93;9.48;9.39;0.5502;0.4428;1.93;0.0925;0.1353;58450.4;17506600000;0.5;0
HBRE3;5.51;8.93;0.3;3.831;0;0.132;11.94;2.17;-0.38;5.77;5.74;1.762;0.8548;1.17;0.0644;0.0334;4588310;1906870000;0.61;0.1205
CEEB5;54.6;9.05;2.27;0.993;0.0832;0.54;-11.89;4.09;-0.98;7.67;6.2;0.243;0.1098;0.82;0.1413;0.251;1594.07;6303000000;2.09;0.1241
JBSS3;18.96;9.05;0.99;0.114;0.1055;0.212;1.95;-0.84;-0.52;-2.43;-3.06;-0.1368;0.0132;1.43;-0.3214;0.1097;182214000;42355300000;2.21;-0.1527
EKTR4;38.51;9.06;2.61;0.884;0.1679;0.693;10.02;4.22;-1.62;6.82;5.69;0.2096;0.0976;1.29;0.1958;0.2883;18981.7;2858000000;1.98;0.3961
BBDC3;13.15;9.06;0.88;0;0.0698;0;0;0;0;0;0;0;0;0;0;0.0969;66512100;1.59E+16;0;0.1936
CAML3;8.42;9.19;0.98;0.282;0.0346;0.297;1.32;7.44;-2.71;15.78;9.76;0.0379;0.0307;1.62;0.0543;0.1069;12863700;3001770000;1.4;0.175
HBOR3;2.89;9.19;0.28;0.356;0.0313;0.07;0.14;4.14;0.86;21.71;16.64;0.0861;0.1105;3.62;0.0185;0.0304;3285570;1385800000;1.49;0.1443
LEVE3;50.78;9.22;4.57;1.462;0.0858;2.164;7.14;7.76;21.01;7.98;7.14;0.1884;0.1582;1.93;0.3632;0.4955;14274700;1425640000;0.35;0.0194
BRGE8;10.05;9.23;0.56;205.139;0.0324;0.251;0.67;-0.94;1.34;1;1.02;-218.412;345.169;3.09;-0.5575;0.0608;679.77;1317630000;0;0.2123
PSSA3;26.7;9.25;1.51;0.569;0.0254;0.328;4.92;0.69;-2.88;0.24;0.23;0.8267;0.0631;1.11;0.6076;0.1629;54991900;11459200000;0;0.0828
PTNT4;8.87;9.25;1.15;0.492;0.0359;0.496;2.35;6.28;14.78;8.44;5.96;0.0783;0.0696;1.68;0.1048;0.1245;151720;369753000;0.69;-0.4638
BRGE12;10.1;9.28;0.56;206.16;0;0.253;0.67;-0.94;1.35;1;1.02;-218.412;345.169;3.09;-0.5575;0.0608;5102.77;1317630000;0;-0.0174
VLID3;18.64;9.31;1.18;0.803;0.0345;0.584;2.4;3.44;-47.53;4.47;3.51;0.2336;0.0795;2.03;0.2064;0.1268;7100730;1291890000;0.59;-0.4638
BRGE3;10.15;9.33;0.57;207.18;0;0.254;0.68;-0.95;1.35;0.99;1.01;-218.412;345.169;3.09;-0.5575;0.0608;2331.47;1317630000;0;0.1461
TGMA3;26.25;9.4;2.16;1.134;0.0602;1.534;5.16;7.9;8;7.6;6.87;0.1435;0.121;2.62;0.256;0.2301;5409540;800942000;0.21;0.0242
LOGG3;20.78;9.43;0.58;8.61;0.0442;0.341;3.73;11.21;-1.33;19.6;19.31;0.7678;0.9312;2.36;0.033;0.0618;5991340;3644110000;0.56;0.1213
BEES4;10;9.48;1.51;0;0.0625;0;0;0;0;0;0;0;0;0;0;0.1592;48320.4;2093330000;0;0.1908
WIZC3;6.25;9.52;2.41;0.998;0.0712;0.421;-9.22;2.23;-1.18;2.33;1.89;0.4477;0.1817;0.84;0.2418;0.2532;4731000;414748000;0.88;0.1011
REDE3;5.9;9.55;3.28;0.823;0.1155;0.471;10.96;3.65;-0.9;6.51;5.36;0.2254;0.1167;1.19;0.1487;0.3434;40657.6;3795350000;3.2;0.1208
BRGE5;10.42;9.57;0.58;212.692;0;0.261;0.7;-0.97;1.39;0.97;0.99;-218.412;345.169;3.09;-0.5575;0.0608;151.21;1317630000;0;-0.4638
BRIV4;10.85;9.59;0.57;0;0.0588;0;0;0;0;0;0;0;0;0;0;0.059;6260.33;1698120000;0;0.2423
CYRE3;22.54;9.59;1.2;1.541;0.0227;0.536;1.64;11.76;34.8;14.32;13.58;0.131;0.1656;2.65;0.056;0.1249;133236000;7519980000;0.64;0.122
BRIV3;10.86;9.6;0.57;0;0.0146;0;0;0;0;0;0;0;0;0;0;0.059;4816.47;1698120000;0;0.0505
SOJA3;14.66;9.6;2.09;0.943;0.0056;0.802;2.78;8.53;4.11;10.25;10.36;0.1105;0.1101;1.69;0.1196;0.218;3757600;820247000;0.76;0.2423
BRSR5;17.99;9.65;0.78;0;0.0431;0;0;0;0;0;0;0;0;0;0;0.0809;795.19;9421780000;0;0.7561
CRPG6;34.9;9.68;1.44;1.473;0.2758;1.069;2.1;15.93;2.71;14.41;10.28;0.0925;0.1522;4.52;0.0799;0.1488;429331;703208000;0.01;-0.1759
DXCO3;8.01;9.83;1.09;0.842;0.0393;0.407;4.58;5.09;-1.31;8.44;4.79;0.1654;0.0876;1.4;0.0963;0.1108;33777300;6032690000;0.99;0.2515
CMIN3;4.3;9.85;2.25;1.549;0.2117;0.897;3.55;4.9;-4.4;4.84;3.99;0.316;0.1573;2.73;0.2849;0.2289;27043100;10464600000;0.72;-0.0283
UNIP3;74.42;9.87;2.96;1.234;0.0844;1.316;6.48;4.7;-9.08;4.68;4.07;0.2624;0.1253;2;0.3868;0.3002;875775;2609270000;0.5;0.3723
ALLD3;6.65;9.87;0.4;0.115;0.0532;0.173;0.63;3.39;1.46;4.66;3.36;0.0339;0.0116;1.65;0.0872;0.041;227386;1532400000;0.38;-0.4638
SLCE3;40.47;9.95;1.73;1.03;0.0682;0.59;2.39;4.68;-4.16;6.6;6.02;0.2201;0.1097;1.99;0.1427;0.1739;63808300;5298880000;0.93;0.2481
BLAU3;17.35;9.99;1.66;2.304;0.0442;1.245;2.89;8.44;3.93;8.04;7.5;0.2729;0.2281;4.14;0.189;0.1663;11071200;1873920000;0.13;0.1567
BRGE6;10.9;10.01;0.61;222.489;0.0717;0.273;0.73;-1.02;1.45;0.92;0.94;-218.412;345.169;3.09;-0.5575;0.0608;921.47;1317630000;0;-0.4638
BRGE11;10.9;10.01;0.61;222.489;0.0359;0.273;0.73;-1.02;1.45;0.92;0.94;-218.412;345.169;3.09;-0.5575;0.0608;171.3;1317630000;0;-0.4638
UCAS3;2.59;10.03;0.89;0.749;0.0701;0.572;38.8;21.75;-13.44;19.89;9.65;0.0344;0.0746;1.05;0.0308;0.0885;239119;192763000;0.08;-0.3168
CXSE3;11.34;10.07;2.87;0;0.0761;2.836;39.86;-309.73;39.99;-302.21;-302.16;0;0;7.44;-0.0098;0.2848;34230600;11861400000;0;0.1052
VULC3;21.94;10.09;2.85;2;0.0344;1.976;3.95;11.61;5.22;11.83;9.88;0.1723;0.1983;3.71;0.2065;0.2824;10205100;1893840000;0.2;0.0707
AURA33;31.4;10.17;1.38;1.165;0.0463;0.593;9.42;3.95;-2.44;5.06;5.06;0.2949;0.1146;1.24;0.1972;0.1362;3107740;1604110000;0.72;0.0381
EVEN3;6.88;10.17;0.71;0.562;0.022;0.21;0.4;6.2;0.99;6.17;5.93;0.0907;0.084;2.92;0.0403;0.0702;6507570;2021760000;0.47;0.0715
TAEE3;11.55;10.22;1.78;5.091;0.0976;0.635;4.95;8.07;-1.4;13.54;13.36;0.6311;0.4981;3.03;0.0852;0.1746;2271560;6689300000;1.41;0.1518
VSTE3;15.36;10.26;1.7;1.558;0.0075;1.044;8.94;59.15;-18.15;67.94;9.51;0.0263;0.1519;1.56;0.0195;0.1654;530326;1027040000;0.29;0
BBDC4;14.89;10.26;0.99;0;0.0678;0;0;0;0;0;0;0;0;0;0;0.0969;550469000;1.59E+16;0;-0.1527
TAEE11;34.78;10.26;1.79;5.11;0.0972;0.637;4.97;8.1;-1.41;13.57;13.39;0.6311;0.4981;3.03;0.0852;0.1746;71418800;6689300000;1.41;0.0931
RPAD6;7.39;10.28;0.58;0;0;0.574;10.83;-106.59;10.83;-96.18;-96.18;0;0;16.67;-0.0057;0.056;1513.42;1086730000;0;0.0931
RPAD3;7.4;10.3;0.58;0;0;0.575;10.84;-106.74;10.85;-96.33;-96.33;0;0;16.67;-0.0057;0.056;1520.86;1086730000;0;-0.3168
ENGI4;8.07;10.3;1.39;0.613;0.0372;0.253;5.02;2.83;-0.5;6.7;5.4;0.2169;0.0754;1.23;0.1068;0.135;118754;11837500000;2.63;0.0931
TAEE4;11.64;10.3;1.8;5.131;0.0968;0.639;4.99;8.13;-1.41;13.61;13.42;0.6311;0.4981;3.03;0.0852;0.1746;4136370;6689300000;1.41;0.1673
EQPA5;8.41;10.32;4.87;2.01;0.1071;1.412;11.99;7.13;-3.73;8.57;7.38;0.2819;0.1948;1.55;0.2395;0.4723;117.26;3812660000;1.34;0.1029
AGRO3;27.36;10.43;1.27;2.188;0.1184;0.798;3.9;9.76;72.63;11.36;8.69;0.2242;0.2098;2.14;0.0983;0.1222;15510100;2197140000;0.4;0.3061
RPAD5;7.51;10.45;0.59;0;0.077;0.583;11;-108.32;11.01;-97.91;-97.91;0;0;16.67;-0.0057;0.056;3377.16;1086730000;0;-0.3168
EGIE3;42.2;10.63;4.13;3.028;0.0841;0.855;20.26;6.49;-1.49;9;7.65;0.4663;0.2849;1.28;0.1522;0.3882;57720700;8341660000;2.16;0.0561
BMGB4;2.48;10.73;0.38;0;0.1554;0;0;0;0;0;0;0;0;0;0;0.0351;1655220;3839390000;0;0.22
UNIP6;81.58;10.82;3.25;1.352;0.0846;1.443;7.11;5.15;-9.96;5.13;4.47;0.2624;0.1253;2;0.3868;0.3002;16062900;2609270000;0.5;0.0082
LAVV3;8.48;10.93;1.38;2.354;0.0347;0.833;1.4;12.59;2;9.07;9.02;0.187;0.2396;4.33;0.0912;0.126;6121370;1229180000;0.05;0.0798
SANB3;12.86;11;1.15;0;0.0637;0;0;0;0;0;0;0;0;0;0;0.1044;1926580;83990900000;0;13.352
PLPL3;10.96;11.08;4.3;1.307;0.0146;1.183;1.98;5.49;8.5;6.05;5.82;0.238;0.1195;3.27;0.3059;0.3878;11291700;521063000;1.06;0.2515
TCSA3;3.94;11.09;0.48;0.742;0;0.185;0.49;-12.61;-2.76;-34.44;-60.69;-0.0589;0.0723;3.54;-0.0166;0.0437;452796;598661000;1.11;-0.0588
PDTC3;2.77;11.14;1.61;0.566;0;0.437;1.2;6.78;-32.77;9.18;5.45;0.0834;0.0508;2.03;0.0845;0.1444;655231;135023000;0.89;0.2515
UNIP5;84.5;11.2;3.36;1.401;0.0825;1.495;7.36;5.34;-10.31;5.32;4.63;0.2624;0.1253;2;0.3868;0.3002;18815.1;2609270000;0.5;0.0435
PRIO3;48.11;11.47;3.97;5.279;0;1.642;-105.82;9.22;-3.69;11.18;8.71;0.5728;0.4603;0.9;0.1923;0.3461;394483000;10753900000;0.95;0.3191
MELK3;4.48;11.47;0.77;0.873;0.0744;0.385;0.69;12.9;1.07;10.5;9.93;0.0677;0.0958;3.11;0.0369;0.0674;1276050;1195310000;0.2;0.0515
GRND3;7.14;11.56;1.91;2.617;0.2007;1.737;3.27;19.54;3.34;17.53;13.64;0.134;0.2264;7.66;0.1136;0.1652;9569470;3373910000;0.03;0.6923
BPAC5;8.46;11.58;2.08;0;0.0294;0;0;0;0;0;0;0;0;0;0;0.18;48059;46708500000;0;0.2319
SANB11;27.13;11.6;1.21;0;0.0635;0;0;0;0;0;0;0;0;0;0;0.1044;42506700;83990900000;0;-0.0588
TRIS3;5.87;11.67;0.84;1.222;0.0234;0.409;0.85;12.76;1.63;21.08;20.25;0.0958;0.1088;2.83;0.0365;0.0717;7856130;1309160000;0.76;0.1815
ECOR3;7.88;11.68;2.16;0.762;0.001;0.256;-2.71;2.41;-0.35;7.76;5.95;0.3163;0.0656;0.59;0.1203;0.1852;37387900;2536550000;5.67;0.0677
FIQE3;3.85;11.76;1.32;1.771;0.0329;0.698;7.16;7.77;-4.08;7.18;3.43;0.2278;0.1506;1.48;0.1184;0.1126;1077920;1053420000;0.32;0.3699
ALUP3;9.84;11.83;1.21;2.839;0.0547;0.32;2.91;3.95;-0.75;7.95;7.47;0.7178;0.4052;2.44;0.0898;0.1019;141038;7464410000;1.57;0.1443
ALUP11;29.57;11.85;1.21;2.844;0.0546;0.321;2.92;3.96;-0.75;7.96;7.48;0.7178;0.4052;2.44;0.0898;0.1019;20441500;7464410000;1.57;0.0037
ALUP4;9.87;11.87;1.21;2.847;0.0546;0.321;2.92;3.97;-0.75;7.96;7.48;0.7178;0.4052;2.44;0.0898;0.1019;263117;7464410000;1.57;0.0037
BMOB3;12.43;11.92;1.02;0.797;0.0187;0.815;1.72;11.28;1.81;5.61;3.39;0.0707;0.0669;3.71;0.1394;0.0853;7066810;1063320000;0;0.0037
ENGI11;47.41;12.1;1.63;0.721;0.0316;0.297;5.89;3.32;-0.59;7.19;5.8;0.2169;0.0754;1.23;0.1068;0.135;103960000;11837500000;2.63;14.647
SANB4;14.29;12.23;1.28;0;0.0631;0;0;0;0;0;0;0;0;0;0;0.1044;2618660;83990900000;0;-0.0588
BMIN3;23.88;12.29;0.85;0;0.0595;0;0;0;0;0;0;0;0;0;0;0.0695;854.74;134886000;0;0.2519
CURY3;16.65;12.31;5.04;1.921;0.0162;1.713;3.48;8.74;10.69;8.14;7.94;0.2198;0.1622;2.77;0.2954;0.4092;26492500;964959000;0.52;0.3156
EQPA6;10.05;12.33;5.82;2.402;0.0896;1.687;14.33;8.52;-4.46;9.96;8.58;0.2819;0.1948;1.55;0.2395;0.4723;46.74;3812660000;1.34;0.1343
TTEN3;14.27;12.34;2.41;0.926;0;1.135;4.61;15.33;8.74;16.48;15.07;0.0604;0.0747;1.6;0.1236;0.1952;17627800;2953280000;0.46;0.3869
ENAT3;16.86;12.43;1.1;2.652;0.0089;0.578;11.33;7.42;-2.7;7.62;4.88;0.3572;0.2134;1.24;0.1126;0.0885;23896900;4072900000;0.45;0.2182
NUTR3;3.32;12.48;1.39;0.282;0;0.456;1.24;7.56;-35.95;8.49;7.6;0.0373;0.0226;2.25;0.0756;0.1116;19314.4;31572000;0.25;0.1673
DIRR3;20.5;12.5;2.44;1.566;0.0295;0.523;1.5;8.96;-1.85;9.87;8.64;0.1747;0.149;3.61;0.0712;0.1954;41250200;1456030000;1.01;0.1263
WLMM4;39;12.53;2.17;0.64;0.0281;1.504;4.08;10.61;4.85;10.6;10.27;0.0603;0.0511;2.48;0.1763;0.1735;82527.5;653320000;0.24;0.3501
SBSP3;59.48;12.65;1.41;1.71;0.0215;0.708;-216.52;8.19;-1.81;11.51;7.56;0.2087;0.1352;0.97;0.0903;0.1118;152682000;28747600000;0.65;0.2526
PTNT3;12.13;12.66;1.58;0.673;0.0263;0.679;3.22;8.59;20.21;10.75;7.59;0.0783;0.0696;1.68;0.1048;0.1245;17694.9;369753000;0.69;0.0844
CRPG5;45.89;12.73;1.89;1.937;0.2097;1.406;2.77;20.94;3.56;19.42;13.86;0.0925;0.1522;4.52;0.0799;0.1488;362096;703208000;0.01;0.108
CPLE3;8.27;12.79;1.13;1.123;0.037;0.457;6.97;6.6;-1.18;9.77;7.15;0.1702;0.0885;1.47;0.0787;0.0886;53808900;21760800000;0.75;0.0707
LOGN3;46.11;12.99;5.25;2.261;0;1.455;13.51;15.42;-3.38;18.24;10.98;0.1466;0.174;1.58;0.1145;0.4042;3795360;939942000;1.5;0.0351
ODPV3;10.83;13.19;4.39;2.925;0.034;2.844;-29.25;9.11;-18.54;8.63;8.12;0.3212;0.2217;0.67;0.3756;0.3332;15559200;1361670000;0;0.3073
CPLE11;43.15;13.35;1.18;1.172;0.0383;0.477;7.28;6.89;-1.23;10.06;7.36;0.1702;0.0885;1.47;0.0787;0.0886;10556700;21760800000;0.75;0.108
MILS3;13.29;13.47;2.45;2.573;0.0167;1.232;5.36;7.82;-8.76;9.06;6.2;0.3292;0.1909;2.83;0.2073;0.1818;11864900;1337060000;0.78;0.1838
FRAS3;14.84;13.56;2.11;1.204;0.0281;1.029;2.79;7.37;12.19;7.15;5.82;0.1633;0.0893;2.64;0.2171;0.1559;6569730;1895920000;0.47;0.222
CPLE6;8.78;13.58;1.2;1.192;0.0384;0.485;7.4;7.01;-1.25;10.18;7.45;0.1702;0.0885;1.47;0.0787;0.0886;133203000;21760800000;0.75;0.108
BSLI4;11.44;13.59;1.82;0;0;0;0;0;0;0;0;0;0;0;0;0.1338;3247.33;2283600000;0;0.1425
SMTO3;39.19;13.68;2.28;2.212;0.042;0.731;4.08;9.62;-1.98;14.26;5.92;0.2298;0.1617;2.37;0.0897;0.1669;59424300;6078940000;1.49;0.0157
ENMT4;61;13.7;4.1;1.912;0.0635;1.057;31.44;7.57;-2.27;10.11;8.8;0.2525;0.1395;1.14;0.1583;0.2993;13582.2;3256180000;1.68;0.0707
VITT3;12.15;13.72;3.09;2.289;0.0271;2.045;5.66;13.2;8;14.45;12.63;0.1734;0.1641;2.55;0.1687;0.2253;3214880;562176000;0.37;0.474
CRPG3;50;13.87;2.06;2.111;0.1925;1.531;3.02;22.82;3.88;21.3;15.2;0.0925;0.1522;4.52;0.0799;0.1488;1194.26;703208000;0.01;0.1206
ENMT3;62;13.93;4.17;1.943;0.0501;1.074;31.95;7.7;-2.3;10.23;8.91;0.2525;0.1395;1.14;0.1583;0.2993;196491;3256180000;1.68;0.1425
BRIT3;3.78;13.94;1.17;1.51;0.0086;0.56;5.2;6.03;-1.83;8.69;4.19;0.2505;0.1082;1.99;0.1123;0.0841;2969560;1447910000;0.83;0.2634
GMAT3;7.08;13.95;1.96;0.644;0;1.088;2.59;12.43;5.64;14.1;10.94;0.0518;0.0467;2.98;0.1161;0.1405;44947900;7982170000;0.43;0.3
INTB3;22.82;14.01;3.1;1.715;0.0073;1.572;3.46;14.53;6.24;13.88;12.08;0.118;0.1225;2.59;0.1968;0.2212;29912400;2412060000;0.41;0.3255
SBFG3;7.21;14.24;0.76;0.27;0.0188;0.216;1.24;4.78;-1.01;11.99;5.71;0.0564;0.0191;1.53;0.0537;0.0536;40480400;2301070000;1.23;0.2702
BPAC11;31.65;14.44;2.6;0;0.0235;0;0;0;0;0;0;0;0;0;0;0.18;272750000;46708500000;0;0.1302
HYPE3;40.4;14.75;2.32;3.165;0.0305;1.075;6.54;9.78;-5.39;12.72;11.81;0.3236;0.215;1.96;0.1228;0.157;118391000;11048000000;0.89;0.3869
ABEV3;13.64;15.05;2.53;2.598;0.0559;1.612;1062.01;13.19;-17.05;12.67;9.28;0.197;0.1779;1.01;0.1576;0.1678;383679000;85074600000;0.05;0.1416
BEEF3;8.71;15.07;12.91;0.183;0.0632;0.266;1.35;2.45;-0.72;6.01;4.91;0.0747;0.0121;1.5;0.2021;0.8567;114119000;409782000;33.9;0.1773
LREN3;16.01;15.18;1.59;1.159;0.046;0.773;3.08;5.6;9.65;5.39;3.89;0.2069;0.0763;1.73;0.1755;0.1046;391739000;9712480000;0.24;0.3611
BOAS3;7.95;15.22;1.83;4.929;0.0321;1.699;3.34;25.6;3.54;18.69;8.52;0.1925;0.3239;12.37;0.1276;0.1204;8420780;2298770000;0;0.1099
UGPA3;19.11;15.54;1.76;0.157;0.0183;0.622;2.61;5.95;-4.19;8.32;6.41;0.0265;0.0106;1.97;0.1456;0.1134;85767300;12096600000;1.18;0.1328
JOPA3;21.05;15.56;0.39;0.101;0.039;0.099;0.32;2.4;1.8;9.44;8.09;0.0422;0.0099;1.78;0.0572;0.0251;14473.5;570122000;2.08;0.1825
PFRM3;3.88;15.64;0.4;0.058;0.0447;0.104;0.52;1.29;3.14;3.62;2.62;0.045;0.0043;1.4;0.1202;0.0256;448731;1199720000;0.85;0.0336
VIVT3;42.77;15.73;1.04;1.414;0.0555;0.592;-24.35;10.53;-2.26;12.43;4.26;0.1343;0.0898;0.87;0.0638;0.0659;90562300;68651400000;0.27;-0.1224
PORT3;13.2;15.85;2.55;2.454;0.0355;1.055;443.79;9.97;-2.33;14.19;9.56;0.2462;0.1587;1.02;0.1119;0.1608;5174370;2277880000;1.14;0.1636
RAIZ4;3.88;15.9;1.77;0.176;0.0602;0.359;29.21;5.38;-0.97;10.72;5.11;0.0327;0.0112;1.03;0.083;0.1114;74385500;22691000000;1.94;0.4549
BPAN4;8.54;15.91;1.38;0;0.0299;0;0;0;0;0;0;0;0;0;0;0.0865;20620100;7896560000;0;0.9372
RRRP3;32.91;16.5;1.5;3.35;0;0.423;47.63;18.68;-0.71;35.96;19.02;0.1793;0.205;1.08;0.0246;0.0911;167783000;5252820000;1.55;0.1586
MULT3;25.46;17.39;2.25;8.025;0.0332;1.431;97.1;10.64;-6.13;11.97;10.62;0.7541;0.4616;1.13;0.1461;0.1291;104683000;6812010000;0.39;0.305
VIVA3;27.66;17.45;3.62;3.286;0.0132;2.198;5.79;15.82;11.25;15.86;12.15;0.2076;0.1883;2.81;0.1619;0.2076;72671400;1803420000;0.12;0.0157
BSLI3;14.77;17.55;2.35;0;0;0;0;0;0;0;0;0;0;0;0;0.1338;1223.79;2283600000;0;0.1122
TIMS3;14.9;17.81;1.42;1.572;0.057;0.647;-9.06;9.15;-1.71;9.51;3.32;0.1719;0.0883;0.7;0.081;0.0799;95133800;25327100000;0.19;0.101
VAMO3;11.13;18.07;3.14;2.076;0.0233;0.669;5.16;6.1;-1.27;10.64;8.72;0.3405;0.1148;2;0.1239;0.1738;80652700;3912110000;2.69;0.6884
B3SA3;13.21;18.41;3.74;7.306;0.0304;1.629;12.41;14.04;-7.33;13.53;11.36;0.5202;0.3969;1.62;0.1673;0.2033;390444000;20540800000;0.56;0.1805
TFCO4;13;18.68;5.62;3.344;0.0172;3.491;7.14;15.18;10.33;15.61;14.64;0.2203;0.179;3.15;0.2741;0.3007;1974150;369585000;0.27;0.3397
ASAI3;12.84;18.96;4.2;0.285;0.0068;0.433;-6.45;4.21;-0.76;6.3;4.85;0.0677;0.015;0.83;0.1813;0.2215;258790000;4131000000;3.2;0.4455
PEAB3;33.69;18.98;0.62;8.786;0.023;0.494;1.7;55.5;4.82;41.14;25.27;0.1583;0.4629;14.66;0.012;0.0329;3114.88;693041000;0.17;-0.4783
AMER3;0.92;19.36;0.06;0.03;0;0.018;0.07;0.69;-0.08;10.79;4.11;0.0431;0.0015;2.24;0.0361;0.0029;9520060;14705600000;1.41;0.4703
ENGI3;15.35;19.59;2.64;1.167;0.0195;0.481;9.54;5.38;-0.96;9.25;7.46;0.2169;0.0754;1.23;0.1068;0.135;82353.8;11837500000;2.63;0.1627
CCRO3;12.54;19.65;2.07;1.604;0.0263;0.463;11.29;4.8;-0.9;9.04;6.86;0.3345;0.0869;1.19;0.1206;0.1054;108603000;12223600000;2.68;0.1588
WHRL4;4.61;19.7;2.9;0.64;0.0446;0.792;15.38;11.6;-34.26;10.35;8.07;0.0552;0.0327;1.08;0.1703;0.1473;50376.3;2387150000;0.45;0.1263
EZTC3;22.87;19.86;1.1;4.658;0.0121;0.885;2.69;54.07;4;53.02;43.85;0.0861;0.2439;5.14;0.0192;0.0556;49890900;4577180000;0.15;0.1408
BPAC3;14.53;19.89;3.58;0;0.0171;0;0;0;0;0;0;0;0;0;0;0.18;87086;46708500000;0;0.1408
DMVF3;4.97;19.94;0.29;0.155;0;0.169;3.71;1.77;-1.24;1.6;0.94;0.0877;0.0078;1.19;0.118;0.0147;367897;855831000;0.03;0.3203
SOMA3;7.93;20.15;0.83;1.209;0.0128;0.579;3.42;11.29;34.49;13.51;9.09;0.1071;0.06;2.16;0.0561;0.041;115682000;7540900000;0.19;0.2498
JPSA3;29.02;20.27;1.93;4.667;0.0029;0.468;2.34;12.96;-1.68;20.35;12.83;0.3602;0.4631;5.31;0.0456;0.0951;7666510;1762140000;1.94;0.0101
WHRL3;4.76;20.34;3;0.661;0.0393;0.817;15.88;11.97;-35.38;10.72;8.36;0.0552;0.0327;1.08;0.1703;0.1473;14979.4;2387150000;0.45;0.3869
IGTI3;2.76;20.49;1.42;5.249;0.0111;0.783;5.61;11.18;-3.24;14.9;11.24;0.4697;0.2607;3.22;0.0833;0.0691;225843;4103430000;0.75;0.7816
AFLT3;8.6;20.86;2.17;7.499;0.0691;1.769;14.9;20.11;33.47;19.85;19.71;0.3729;0.3596;2;0.0934;0.104;9548.56;250012000;0;0.1217
PRNR3;11.38;21.02;1.94;0.445;0.0227;0.61;2.85;3.61;-4.76;5.21;4.13;0.1234;0.0669;1.65;0.2001;0.0925;2671320;227707000;1.21;0.3008
GGPS3;18.01;21.2;4.31;1.205;0.0144;1.296;3.65;11.47;-10.44;12.02;10.11;0.105;0.057;2.63;0.1584;0.2031;37695100;2811770000;1.13;0.1293
PGMN3;3.97;21.28;0.82;0.174;0.0448;0.218;1.37;5.77;-0.9;10.09;3.93;0.0301;0.0082;1.47;0.0488;0.0385;3714110;2245360000;0.75;-0.0738
LVTC3;4.55;21.28;0.46;0.291;0.003;0.211;0.7;1.37;-2.82;1.03;0.56;0.2126;0.0137;2.88;0.173;0.0215;254029;643079000;0;0.2736
DESK3;15;21.54;1.41;2.024;0.0013;0.6;-55.33;6.06;-1.38;8.44;5.73;0.3341;0.1056;0.92;0.1074;0.0654;2917860;1228170000;0.69;0.3574
STBP3;9.32;21.59;3.7;4.184;0.0479;1.833;51.91;14.87;-5.6;14.54;10.42;0.2813;0.1938;1.25;0.1419;0.1712;33449100;2178730000;0.14;0.2242
ARZZ3;72;21.6;2.87;1.735;0.0221;1.47;7.48;16.38;56.37;17.09;12.09;0.1059;0.0802;1.63;0.1142;0.1329;113237000;2783100000;0.37;0.5722
PNVL3;12.3;22.39;1.64;0.439;0.0181;0.664;3.81;13.25;-25.53;19.02;8.05;0.0332;0.0196;1.44;0.0658;0.0734;5175650;1125850000;0.89;0.3498
APER3;30.35;22.42;1.25;2.087;0.0107;0.806;32.35;11.29;-6.39;9.76;6.87;0.1849;0.0924;1.12;0.0816;0.0557;734640;474937000;0;0.1217
EQTL3;32.32;22.5;1.99;1.083;0.0107;0.387;5.72;5.15;-0.73;9.82;8.11;0.2104;0.0677;1.38;0.0878;0.0885;223891000;18590400000;2.32;0.0298
IGTI11;21.21;22.5;1.55;5.762;0.0101;0.86;6.16;12.27;-3.55;15.99;12.06;0.4697;0.2607;3.22;0.0833;0.0691;72081700;4103430000;0.75;0.0298
CRIV4;5.75;22.64;0.56;0;0.0834;0;0;0;0;0;0;0;0;0;0;0.0247;8061.86;1059150000;0;0.2395
CRIV3;5.75;22.64;0.56;0;0;0;0;0;0;0;0;0;0;0;0;0.0247;4509.72;1059150000;0;0.1394
PATI3;24.5;23.96;0.69;0.292;0.0197;0.335;0.68;14.83;1.29;12.7;9.65;0.0197;0.0122;2.74;0.0429;0.0289;11130.9;845603000;0.59;0.2369
NGRD3;1.3;24.43;0.68;1.137;0.0114;0.45;1.77;78.71;4.55;37.8;4.85;0.0144;0.0401;2.37;0.0089;0.0278;1211020;456302000;0.12;0.2322
ATOM3;2.28;24.57;2.79;2.023;0.1405;1.904;2.01;-174.52;2.89;-115.49;-315.07;-0.0116;0.0823;34.11;-0.0317;0.1136;26847.4;19437000;0;0.0925
MDIA3;37.8;25.71;1.83;1.157;0.0053;1.095;4.78;16.63;26.72;18.13;12.55;0.0696;0.045;2.07;0.0813;0.0712;52463900;6996790000;0.34;0.1527
LUXM4;19;26.95;3.4;2.927;0.0078;2.442;-483.94;16.81;-16.36;16.67;10.41;0.1741;0.1086;0.96;0.1588;0.1261;2415.77;116220000;0.05;0.0316
FLRY3;14.68;27.21;1.58;1.557;0.025;0.698;10.78;10.92;-2.19;15.42;8.95;0.1426;0.0572;1.37;0.0735;0.0579;44920000;5095380000;0.83;0.1876
VVEO3;17.95;27.67;2.44;0.566;0.0137;0.644;2.55;9.79;-3.56;13.7;12.15;0.0578;0.0205;1.83;0.0888;0.0882;10509500;2375420000;1.38;0.4698
ARML3;12.84;27.86;3.78;3.922;0.0264;1.182;5.8;11.45;-3.14;15;10.53;0.3424;0.1407;2.9;0.1418;0.1357;7865110;1175250000;1.82;0.6474
DTCY3;4.91;28.51;-148.51;5.719;0;6.024;-301.95;-24.46;-8.9;-24.45;-451.49;-0.2338;0.2006;0.95;-0.2849;-52.092;284.63;-368000;-2.93;-0.1559
ENEV3;12.1;29.2;1.48;2.129;0;0.448;29.84;9.74;-0.86;18.16;10.74;0.2186;0.0727;1.14;0.0496;0.0506;74812500;12965100000;1.41;0.2992
WEGE3;35.65;29.77;9.73;4.712;0.0163;5.142;15.73;21.91;21.48;21.51;19.78;0.2151;0.1614;1.89;0.318;0.3267;320800000;15385000000;0.18;0.1929
VBBR3;18.93;30.67;1.72;0.128;0.039;0.557;1.74;11.39;-3.45;17.19;13.37;0.0113;0.0042;2.64;0.0633;0.0561;167211000;12818000000;1.32;0.2759
CSED3;4.2;31.7;1.1;0.716;0.0167;0.329;5.06;4.67;-0.69;5.39;3.04;0.1532;0.0226;1.41;0.0849;0.0346;1842030;1406350000;0.69;0.0931
SMFT3;21.75;31.91;2.79;7.106;0;1.007;10.8;41.71;-2.7;43.66;9.95;0.1704;0.2246;1.55;0.0317;0.0875;52761200;4567620000;0.72;0.0526
USIM5;6.82;32.47;0.36;0.283;0.0482;0.215;0.6;4.04;1.55;4.49;3.08;0.07;0.0199;3.97;0.0654;0.0111;73764000;23709800000;0.25;0.2639
USIM3;6.93;32.99;0.37;0.287;0.0431;0.219;0.61;4.1;1.57;4.56;3.12;0.07;0.0199;3.97;0.0654;0.0111;1661840;23709800000;0.25;0.2639
MATD3;10.13;33.88;2.35;1.876;0.0064;0.762;4.89;9.37;-1.83;11.67;9.32;0.2003;0.0651;2.81;0.0891;0.0694;3728790;1647350000;0.77;0.5808
PATI4;34.99;34.22;0.99;0.417;0.0602;0.478;0.97;21.18;1.84;19.05;14.47;0.0197;0.0122;2.74;0.0429;0.0289;541.84;845603000;0.59;0.2369
EMAE4;65.84;35.08;2.18;4.316;0.0302;1.202;3.06;-60.85;145.33;-49.12;-58.58;-0.0709;0.123;7.22;-0.0259;0.062;199079;1117950000;0;0.0795
CGAS3;120;35.56;161.27;0.925;0.0987;1.154;81.02;5.43;-1.92;7.34;6.2;0.1701;0.026;1.04;0.2838;45.346;6497.26;98610000;77.86;0.2195
TOTS3;28.62;36.36;4.02;4.362;0.0154;1.617;6.63;11.69;96.38;11.04;9.45;0.3732;0.1266;1.71;0.1888;0.1105;123659000;4395750000;0.4;0.1682
ENBR3;24.08;36.67;1.3;0.8;0.059;0.384;-7.65;3.22;-0.96;5.52;4.22;0.2481;0.0339;0.84;0.1324;0.0355;35667100;10745100000;1.14;0.0695
CSAB3;33.5;36.94;1.26;594.18;0.018;0.635;0;27.7;0;0;0;214.503;160.831;0;0;0.034;808.33;204642000;0;-0.1487
LIPR3;73;37.47;4.04;0;0.0338;3.785;34.5;-229.45;65.66;-224.55;-224.67;0;0;11.06;-0.0179;0.1078;849.54;212637000;0;0
CGAS5;128.54;38.09;172.74;0.99;0.1013;1.236;86.79;5.82;-2.05;7.73;6.53;0.1701;0.026;1.04;0.2838;45.346;70092.4;98610000;77.86;0.2195
SIMH3;9.68;39.22;2.58;0.277;0.0163;0.135;0.97;1.42;-0.23;7.17;5.04;0.195;0.0196;1.87;0.1145;0.0657;26305300;3149540000;12.91;0.7814
MOVI3;12.73;40.2;1.5;0.439;0.0334;0.219;2.4;1.93;-0.35;6.7;4.16;0.2272;0.0109;1.63;0.1361;0.0373;41762900;3072100000;4.55;0.6286
CPLE5;26;40.21;3.56;3.53;0.0159;1.436;21.92;20.74;-3.71;23.92;17.5;0.1702;0.0885;1.47;0.0787;0.0886;7850.53;21760800000;0.75;0.108
ELMD3;18.29;41.34;3.23;2.926;0;1.145;-13.98;17.75;-3.36;21.52;11.07;0.1648;0.1012;0.74;0.0808;0.0781;7204620;793007000;1.07;0.3574
PEAB4;74;41.69;1.37;19.298;0.0115;1.084;3.73;121.9;10.59;107.54;66.05;0.1583;0.4629;14.66;0.012;0.0329;4370.05;693041000;0.17;-0.4783
ONCO3;12.1;43.98;2.86;1.268;0;0.746;5.79;8.94;-2.16;13;9.98;0.1418;0.0457;1.63;0.1006;0.0651;27339200;2230110000;1.63;0.5953
RADL3;27.75;46.24;8.62;1.504;0.0114;2.687;16.22;24.59;-21.21;25.64;14.19;0.0612;0.0331;1.42;0.1461;0.1864;122070000;5531980000;0.43;0.187
HBSA3;4.56;46.55;2.33;1.756;0;0.557;5.06;8.24;-1.01;16.73;9.04;0.2131;0.0377;2.13;0.0784;0.05;44541600;1490240000;2.88;0.0934
AESB3;11.42;47.42;1.56;2.22;0;0.345;4.08;8.16;-0.68;18.05;10.49;0.2721;0.1086;1.64;0.0514;0.0329;22620000;4404140000;2.64;13.485
CSAB4;43.01;47.43;1.61;762.856;0.0154;0.815;0;35.56;0;0;0;214.503;160.831;0;0;0.034;1747.44;204642000;0;-0.1487
SCAR3;24.94;47.98;0.94;1.849;0;0.408;2.27;5.07;-1.31;10.68;8.92;0.3649;0.037;3.57;0.0862;0.0195;111691;1538560000;1.19;0.1945
ELET3;35.88;48.6;0.74;2.4;0.0062;0.314;5.95;9.51;-0.76;13.78;9.84;0.2524;0.0448;1.47;0.0361;0.0153;341544000;1.11E+16;0.51;0.1714
RDOR3;29.08;50.36;2.97;1.913;0.0059;0.716;2.52;14.01;-2.45;14.53;10.78;0.1365;0.0407;2.68;0.0764;0.059;167250000;22421500000;1.42;0.3716
RENT3;62.17;50.54;2.65;2.566;0.0219;0.916;20.32;12.93;-2.18;18.25;10.05;0.1984;0.0506;1.24;0.0885;0.0524;353125000;24880200000;1.48;0.2461
ELET6;38.85;52.62;0.8;2.599;0.0384;0.34;6.44;10.3;-0.83;14.57;10.4;0.2524;0.0448;1.47;0.0361;0.0153;83590500;1.11E+16;0.51;0.1714
RAIL3;22.76;53.55;2.73;4.092;0.0029;0.908;10.03;13.91;-1.95;17.66;10.73;0.2942;0.0766;1.85;0.0754;0.0511;314733000;15440200000;1.11;0.1012
CRFB3;10.34;56.32;1.11;0.197;0.0337;0.252;-12.77;4.88;-0.8;8.28;5.73;0.0403;0.0053;0.96;0.0666;0.0197;121719000;19625000000;1.09;0.178
YDUQ3;20.62;57.85;2.03;1.312;0.0133;0.656;6.91;8.51;-1.6;14.21;7.14;0.1542;0.0233;1.56;0.0899;0.0351;107661000;3138850000;1.73;0.1491
CEAB3;5.51;57.89;0.59;0.272;0;0.195;1.07;4.93;-0.97;7.1;2.32;0.0552;0.0047;1.63;0.0528;0.0102;25371100;2878200000;0.59;0.0849
PETZ3;5.84;65.65;1.45;0.875;0.0048;0.681;3.8;13.59;-3.74;13.32;5.3;0.0644;0.0133;2.05;0.0631;0.0221;108046000;1857470000;0.24;0.317
LPSB3;2.6;68.98;1.91;2.01;0.008;0.997;10.52;11.5;-4.08;9.99;6.67;0.1748;0.0966;1.63;0.1011;0.0277;296393;200946000;0;0.1511
OFSA3;22.81;71.05;1.85;1.228;0.0279;0.946;2.45;8.91;7.23;9.93;7.96;0.1378;0.0173;2.66;0.1415;0.0261;246644;664399000;0.61;0.1267
USIM6;16.31;77.65;0.86;0.676;0.0202;0.514;1.44;9.66;3.7;10.11;6.93;0.07;0.0199;3.97;0.0654;0.0111;75.86;23709800000;0.25;0.2639
SHOW3;2.63;79.26;1.2;0.441;0;0.219;9.06;2.88;-2.48;3.22;2.95;0.1535;0.0163;1.03;0.1463;0.0151;473899;147658000;1.02;-0.0373
PTBL3;6.18;105.5;2.33;0.409;0.034;0.285;8.76;5.33;-0.63;10.57;6.21;0.0767;0.0039;1.08;0.0736;0.0221;11116600;373896000;3.38;0.2274
ELET5;86.01;116.5;1.78;5.753;0;0.753;14.27;22.8;-1.83;27.07;19.32;0.2524;0.0448;1.47;0.0361;0.0153;1539.88;1.11E+16;0.51;0.1714
BALM3;10.25;125.56;0.71;0.55;0.0211;0.405;0.88;3.69;1.45;2.7;2.31;0.1492;-0.0095;2.92;0.1451;0.0056;3319.19;142407000;0.17;0.04
BALM4;11.64;142.59;0.8;0.625;0.0185;0.46;1;4.19;1.64;3.2;2.73;0.1492;-0.0095;2.92;0.1451;0.0056;8652.35;142407000;0.17;0.04
SQIA3;27.46;2753.58;3.77;3.678;0.002;1.505;27.14;43.38;-3.74;47.18;16.53;0.0848;0.0045;1.44;0.0404;0.0014;30019300;639749000;0.67;0.4625
